id,name,email,version,created_date,update_date
1f1d9f36-3a6e-4a27-951c-8c6b9a7d256a,John Doe,john.doe@example.com,1,2024-09-01T12:00:00,2024-09-01T12:00:00
d5e8a2b6-8c1f-4f32-9b9c-c1c4b09c7c1b,Jane Smith,jane.smith@example.com,1,2024-09-02T13:30:00,2024-09-02T13:30:00
3c2f4d7e-9f6a-4e7a-b5b6-3b8b3c4e9c3a,Robert Brown,robert.brown@example.com,1,2024-09-03T14:45:00,2024-09-03T14:45:00
2d0c2d99-7d3e-42c7-8102-49e5cbcb00f7,Emily Johnson,emily.johnson@example.com,1,2024-09-04T15:50:00,2024-09-04T15:50:00
6d8e1f9a-bb9b-4d8e-8c1e-8a9c5b5c2b8a,Michael Williams,michael.williams@example.com,1,2024-09-05T16:55:00,2024-09-05T16:55:00
7e4c2f8d-7a9e-4b3b-9e3c-1b2d2c8f6a9d,Alice Davis,alice.davis@example.com,1,2024-09-06T17:10:00,2024-09-06T17:10:00
9f6a3b9c-2d4e-4f1a-8b7d-5e2c4a6d9b2e,David Wilson,david.wilson@example.com,1,2024-09-07T18:20:00,2024-09-07T18:20:00
8c9b5e7d-1a8c-4d7e-91a7-7f6c2b4d8b9a,Laura Martinez,laura.martinez@example.com,1,2024-09-08T19:25:00,2024-09-08T19:25:00
4a6b7c9d-0b3e-4c8f-93d4-2a1e8f9c6b0b,Chris Anderson,chris.anderson@example.com,1,2024-09-09T20:30:00,2024-09-09T20:30:00
3d2b8a4f-6c7d-4e1a-9f5b-1e8c9b6d4a7c,Jessica Taylor,jessica.taylor@example.com,1,2024-09-10T21:40:00,2024-09-10T21:40:00
